[ { "country": "United Kingdom", "city": "London", "name": "Heathrow Airport", "iata_code": "LHR" },
  { "country": "United Kingdom", "city": "London", "name": "Gatwick Airport", "iata_code": "LGW" },
  { "country": "United Kingdom", "city": "London", "name": "Stansted Airport", "iata_code": "STN" },
  { "country": "United Kingdom", "city": "London", "name": "Luton Airport", "iata_code": "LTN" },
  { "country": "United Kingdom", "city": "Manchester", "name": "Manchester Airport", "iata_code": "MAN" },
  { "country": "United Kingdom", "city": "Birmingham", "name": "Birmingham Airport", "iata_code": "BHX" },
  { "country": "United Kingdom", "city": "Bristol", "name": "Bristol Airport", "iata_code": "BRS" },
  { "country": "United Kingdom", "city": "Edinburgh", "name": "Edinburgh Airport", "iata_code": "EDI" },
  { "country": "United Kingdom", "city": "Glasgow", "name": "Glasgow Airport", "iata_code": "GLA" },

  { "country": "France", "city": "Paris", "name": "Charles de Gaulle Airport", "iata_code": "CDG" },
  { "country": "France", "city": "Paris", "name": "Orly Airport", "iata_code": "ORY" },
  { "country": "France", "city": "Nice", "name": "Nice Côte d’Azur Airport", "iata_code": "NCE" },
  { "country": "France", "city": "Marseille", "name": "Marseille Provence Airport", "iata_code": "MRS" },
  { "country": "France", "city": "Lyon", "name": "Lyon–Saint Exupéry Airport", "iata_code": "LYS" },
  { "country": "France", "city": "Toulouse", "name": "Toulouse–Blagnac Airport", "iata_code": "TLS" },
  { "country": "France", "city": "Bordeaux", "name": "Bordeaux–Mérignac Airport", "iata_code": "BOD" },

  { "country": "Spain", "city": "Madrid", "name": "Adolfo Suárez Madrid–Barajas Airport", "iata_code": "MAD" },
  { "country": "Spain", "city": "Barcelona", "name": "Barcelona–El Prat Airport", "iata_code": "BCN" },
  { "country": "Spain", "city": "Málaga", "name": "Málaga–Costa del Sol Airport", "iata_code": "AGP" },
  { "country": "Spain", "city": "Palma de Mallorca", "name": "Palma de Mallorca Airport", "iata_code": "PMI" },
  { "country": "Spain", "city": "Alicante", "name": "Alicante–Elche Airport", "iata_code": "ALC" },
  { "country": "Spain", "city": "Valencia", "name": "Valencia Airport", "iata_code": "VLC" },
  { "country": "Spain", "city": "Seville", "name": "Seville Airport", "iata_code": "SVQ" },
  { "country": "Spain", "city": "Gran Canaria", "name": "Gran Canaria Airport", "iata_code": "LPA" },
  { "country": "Spain", "city": "Tenerife", "name": "Tenerife South Airport", "iata_code": "TFS" },
  { "country": "Spain", "city": "Ibiza", "name": "Ibiza Airport", "iata_code": "IBZ" },

  { "country": "Italy", "city": "Rome", "name": "Leonardo da Vinci–Fiumicino Airport", "iata_code": "FCO" },
  { "country": "Italy", "city": "Milan", "name": "Milan Malpensa Airport", "iata_code": "MXP" },
  { "country": "Italy", "city": "Milan", "name": "Linate Airport", "iata_code": "LIN" },
  { "country": "Italy", "city": "Venice", "name": "Venice Marco Polo Airport", "iata_code": "VCE" },
  { "country": "Italy", "city": "Naples", "name": "Naples International Airport", "iata_code": "NAP" },
  { "country": "Italy", "city": "Catania", "name": "Catania–Fontanarossa Airport", "iata_code": "CTA" },
  { "country": "Italy", "city": "Bergamo", "name": "Orio al Serio International Airport", "iata_code": "BGY" },
  { "country": "Italy", "city": "Florence", "name": "Florence Airport", "iata_code": "FLR" },

  { "country": "Germany", "city": "Frankfurt", "name": "Frankfurt Airport", "iata_code": "FRA" },
  { "country": "Germany", "city": "Munich", "name": "Munich Airport", "iata_code": "MUC" },
  { "country": "Germany", "city": "Berlin", "name": "Berlin Brandenburg Airport", "iata_code": "BER" },
  { "country": "Germany", "city": "Düsseldorf", "name": "Düsseldorf Airport", "iata_code": "DUS" },
  { "country": "Germany", "city": "Hamburg", "name": "Hamburg Airport", "iata_code": "HAM" },
  { "country": "Germany", "city": "Stuttgart", "name": "Stuttgart Airport", "iata_code": "STR" },
  { "country": "Germany", "city": "Cologne", "name": "Cologne Bonn Airport", "iata_code": "CGN" },

  { "country": "Russia", "city": "Moscow", "name": "Sheremetyevo International Airport", "iata_code": "SVO" },
  { "country": "Russia", "city": "Moscow", "name": "Domodedovo International Airport", "iata_code": "DME" },
  { "country": "Russia", "city": "Moscow", "name": "Vnukovo International Airport", "iata_code": "VKO" },
  { "country": "Russia", "city": "Saint Petersburg", "name": "Pulkovo Airport", "iata_code": "LED" },
  { "country": "Russia", "city": "Sochi", "name": "Sochi International Airport", "iata_code": "AER" },
  { "country": "Russia", "city": "Novosibirsk", "name": "Tolmachevo Airport", "iata_code": "OVB" },
  { "country": "Russia", "city": "Yekaterinburg", "name": "Koltsovo Airport", "iata_code": "SVX" },
  { "country": "Russia", "city": "Kazan", "name": "Kazan International Airport", "iata_code": "KZN" },
  
  { "country": "Cyprus", "city": "Larnaca", "name": "Larnaca International Airport", "iata_code": "LCA" },
  { "country": "Cyprus", "city": "Paphos", "name": "Paphos International Airport", "iata_code": "PFO" },
  { "country": "Malta", "city": "Luqa", "name": "Malta International Airport", "iata_code": "MLA" },
  { "country": "Latvia", "city": "Riga", "name": "Riga International Airport", "iata_code": "RIX" },
  { "country": "Lithuania", "city": "Vilnius", "name": "Vilnius International Airport", "iata_code": "VNO" },
  { "country": "Estonia", "city": "Tallinn", "name": "Tallinn Airport", "iata_code": "TLL" },
  { "country": "Albania", "city": "Tirana", "name": "Tirana International Airport", "iata_code": "TIA" },
  { "country": "Montenegro", "city": "Podgorica", "name": "Podgorica Airport", "iata_code": "TGD" },
  { "country": "Montenegro", "city": "Tivat", "name": "Tivat Airport", "iata_code": "TIV" },
  { "country": "North Macedonia", "city": "Skopje", "name": "Skopje International Airport", "iata_code": "SKP" },
  { "country": "Netherlands", "city": "Amsterdam", "name": "Amsterdam Schiphol Airport", "iata_code": "AMS" },
  { "country": "Belgium", "city": "Brussels", "name": "Brussels Airport", "iata_code": "BRU" },
  { "country": "Belgium", "city": "Charleroi", "name": "Brussels South Charleroi Airport", "iata_code": "CRL" },
  { "country": "Switzerland", "city": "Zurich", "name": "Zurich Airport", "iata_code": "ZRH" },
  { "country": "Switzerland", "city": "Geneva", "name": "Geneva Airport", "iata_code": "GVA" },
  { "country": "Switzerland", "city": "Basel", "name": "EuroAirport Basel–Mulhouse–Freiburg", "iata_code": "BSL" },
  { "country": "Austria", "city": "Vienna", "name": "Vienna International Airport", "iata_code": "VIE" },
  { "country": "Portugal", "city": "Lisbon", "name": "Humberto Delgado Airport", "iata_code": "LIS" },
  { "country": "Portugal", "city": "Porto", "name": "Francisco Sá Carneiro Airport", "iata_code": "OPO" },
  { "country": "Portugal", "city": "Faro", "name": "Faro Airport", "iata_code": "FAO" },
  { "country": "Portugal", "city": "Funchal", "name": "Madeira Airport", "iata_code": "FNC" },
  { "country": "Ireland", "city": "Dublin", "name": "Dublin Airport", "iata_code": "DUB" },
  { "country": "Norway", "city": "Oslo", "name": "Oslo Gardermoen Airport", "iata_code": "OSL" },
  { "country": "Sweden", "city": "Stockholm", "name": "Stockholm Arlanda Airport", "iata_code": "ARN" },
  { "country": "Denmark", "city": "Copenhagen", "name": "Copenhagen Airport", "iata_code": "CPH" },
  { "country": "Finland", "city": "Helsinki", "name": "Helsinki–Vantaa Airport", "iata_code": "HEL" },
  { "country": "Poland", "city": "Warsaw", "name": "Warsaw Chopin Airport", "iata_code": "WAW" },
  { "country": "Poland", "city": "Kraków", "name": "John Paul II International Airport Kraków–Balice", "iata_code": "KRK" },
  { "country": "Czech Republic", "city": "Prague", "name": "Václav Havel Airport Prague", "iata_code": "PRG" },
  { "country": "Hungary", "city": "Budapest", "name": "Budapest Ferenc Liszt International Airport", "iata_code": "BUD" },
  { "country": "Greece", "city": "Athens", "name": "Athens International Airport", "iata_code": "ATH" },
  { "country": "Greece", "city": "Thessaloniki", "name": "Thessaloniki Airport", "iata_code": "SKG" },
  { "country": "Greece", "city": "Heraklion", "name": "Heraklion International Airport", "iata_code": "HER" },
  { "country": "Greece", "city": "Rhodes", "name": "Rhodes International Airport", "iata_code": "RHO" },
  { "country": "Greece", "city": "Corfu", "name": "Corfu International Airport", "iata_code": "CFU" },

  { "country": "Turkey", "city": "Istanbul", "name": "Istanbul Airport", "iata_code": "IST" },
  { "country": "Turkey", "city": "Istanbul", "name": "Sabiha Gökçen International Airport", "iata_code": "SAW" },
  { "country": "Turkey", "city": "Antalya", "name": "Antalya Airport", "iata_code": "AYT" },
  { "country": "Turkey", "city": "Izmir", "name": "Adnan Menderes Airport", "iata_code": "ADB" },

  { "country": "United Arab Emirates", "city": "Dubai", "name": "Dubai International Airport", "iata_code": "DXB" },
  { "country": "United Arab Emirates", "city": "Abu Dhabi", "name": "Abu Dhabi International Airport", "iata_code": "AUH" },
  { "country": "Qatar", "city": "Doha", "name": "Hamad International Airport", "iata_code": "DOH" },
  { "country": "Saudi Arabia", "city": "Riyadh", "name": "King Khalid International Airport", "iata_code": "RUH" },
  { "country": "Saudi Arabia", "city": "Jeddah", "name": "King Abdulaziz International Airport", "iata_code": "JED" },
  { "country": "Israel", "city": "Tel Aviv", "name": "Ben Gurion Airport", "iata_code": "TLV" },
  { "country": "Jordan", "city": "Amman", "name": "Queen Alia International Airport", "iata_code": "AMM" },
  { "country": "Egypt", "city": "Cairo", "name": "Cairo International Airport", "iata_code": "CAI" },
  { "country": "Egypt", "city": "Hurghada", "name": "Hurghada International Airport", "iata_code": "HRG" },
  { "country": "Egypt", "city": "Sharm El Sheikh", "name": "Sharm El Sheikh International Airport", "iata_code": "SSH" },
  { "country": "Morocco", "city": "Casablanca", "name": "Mohammed V International Airport", "iata_code": "CMN" },
  { "country": "Morocco", "city": "Marrakesh", "name": "Marrakesh Menara Airport", "iata_code": "RAK" },
  { "country": "Tunisia", "city": "Tunis", "name": "Tunis–Carthage International Airport", "iata_code": "TUN" },

  { "country": "South Africa", "city": "Johannesburg", "name": "O. R. Tambo International Airport", "iata_code": "JNB" },
  { "country": "South Africa", "city": "Cape Town", "name": "Cape Town International Airport", "iata_code": "CPT" },
  { "country": "South Africa", "city": "Durban", "name": "King Shaka International Airport", "iata_code": "DUR" },
  { "country": "Kenya", "city": "Nairobi", "name": "Jomo Kenyatta International Airport", "iata_code": "NBO" },
  { "country": "Ethiopia", "city": "Addis Ababa", "name": "Bole International Airport", "iata_code": "ADD" },
  { "country": "Tanzania", "city": "Dar es Salaam", "name": "Julius Nyerere International Airport", "iata_code": "DAR" },
  { "country": "Tanzania", "city": "Zanzibar", "name": "Abeid Amani Karume International Airport", "iata_code": "ZNZ" },
  { "country": "Nigeria", "city": "Lagos", "name": "Murtala Muhammed International Airport", "iata_code": "LOS" },
  { "country": "Ghana", "city": "Accra", "name": "Kotoka International Airport", "iata_code": "ACC" },
  { "country": "Uganda", "city": "Entebbe", "name": "Entebbe International Airport", "iata_code": "EBB" },

  { "country": "India", "city": "Delhi", "name": "Indira Gandhi International Airport", "iata_code": "DEL" },
  { "country": "India", "city": "Mumbai", "name": "Chhatrapati Shivaji Maharaj International Airport", "iata_code": "BOM" },
  { "country": "India", "city": "Bengaluru", "name": "Kempegowda International Airport", "iata_code": "BLR" },
  { "country": "India", "city": "Hyderabad", "name": "Rajiv Gandhi International Airport", "iata_code": "HYD" },
  { "country": "India", "city": "Chennai", "name": "Chennai International Airport", "iata_code": "MAA" },
  { "country": "India", "city": "Kolkata", "name": "Netaji Subhas Chandra Bose International Airport", "iata_code": "CCU" },
  { "country": "India", "city": "Goa", "name": "Manohar International Airport (Mopa)", "iata_code": "GOX" },

  { "country": "Pakistan", "city": "Karachi", "name": "Jinnah International Airport", "iata_code": "KHI" },
  { "country": "Pakistan", "city": "Lahore", "name": "Allama Iqbal International Airport", "iata_code": "LHE" },
  { "country": "Pakistan", "city": "Islamabad", "name": "Islamabad International Airport", "iata_code": "ISB" },
  { "country": "Bangladesh", "city": "Dhaka", "name": "Hazrat Shahjalal International Airport", "iata_code": "DAC" },
  { "country": "Sri Lanka", "city": "Colombo", "name": "Bandaranaike International Airport", "iata_code": "CMB" },
  { "country": "Nepal", "city": "Kathmandu", "name": "Tribhuvan International Airport", "iata_code": "KTM" },

  { "country": "Thailand", "city": "Bangkok", "name": "Suvarnabhumi Airport", "iata_code": "BKK" },
  { "country": "Thailand", "city": "Bangkok", "name": "Don Mueang International Airport", "iata_code": "DMK" },
  { "country": "Thailand", "city": "Phuket", "name": "Phuket International Airport", "iata_code": "HKT" },
  { "country": "Thailand", "city": "Chiang Mai", "name": "Chiang Mai International Airport", "iata_code": "CNX" },

  { "country": "Malaysia", "city": "Kuala Lumpur", "name": "Kuala Lumpur International Airport", "iata_code": "KUL" },
  { "country": "Malaysia", "city": "Penang", "name": "Penang International Airport", "iata_code": "PEN" },
  { "country": "Malaysia", "city": "Kota Kinabalu", "name": "Kota Kinabalu International Airport", "iata_code": "BKI" },
  { "country": "Singapore", "city": "Singapore", "name": "Changi Airport", "iata_code": "SIN" },

  { "country": "Indonesia", "city": "Jakarta", "name": "Soekarno–Hatta International Airport", "iata_code": "CGK" },
  { "country": "Indonesia", "city": "Bali (Denpasar)", "name": "Ngurah Rai International Airport", "iata_code": "DPS" },
  { "country": "Indonesia", "city": "Surabaya", "name": "Juanda International Airport", "iata_code": "SUB" },

  { "country": "Philippines", "city": "Manila", "name": "Ninoy Aquino International Airport", "iata_code": "MNL" },
  { "country": "Philippines", "city": "Cebu", "name": "Mactan–Cebu International Airport", "iata_code": "CEB" },
  { "country": "Philippines", "city": "Clark", "name": "Clark International Airport", "iata_code": "CRK" },

  { "country": "Vietnam", "city": "Ho Chi Minh City", "name": "Tan Son Nhat International Airport", "iata_code": "SGN" },
  { "country": "Vietnam", "city": "Hanoi", "name": "Nội Bài International Airport", "iata_code": "HAN" },
  { "country": "Vietnam", "city": "Da Nang", "name": "Da Nang International Airport", "iata_code": "DAD" },

  { "country": "Cambodia", "city": "Phnom Penh", "name": "Phnom Penh International Airport", "iata_code": "PNH" },
  { "country": "Laos", "city": "Vientiane", "name": "Wattay International Airport", "iata_code": "VTE" },

  { "country": "China", "city": "Beijing", "name": "Beijing Capital International Airport", "iata_code": "PEK" },
  { "country": "China", "city": "Beijing", "name": "Beijing Daxing International Airport", "iata_code": "PKX" },
  { "country": "China", "city": "Shanghai", "name": "Shanghai Pudong International Airport", "iata_code": "PVG" },
  { "country": "China", "city": "Shanghai", "name": "Shanghai Hongqiao International Airport", "iata_code": "SHA" },
  { "country": "China", "city": "Guangzhou", "name": "Guangzhou Baiyun International Airport", "iata_code": "CAN" },
  { "country": "China", "city": "Shenzhen", "name": "Shenzhen Bao'an International Airport", "iata_code": "SZX" },
  { "country": "China", "city": "Chengdu", "name": "Chengdu Tianfu International Airport", "iata_code": "TFU" },
  { "country": "China", "city": "Xi'an", "name": "Xi'an Xianyang International Airport", "iata_code": "XIY" },
  { "country": "Hong Kong", "city": "Hong Kong", "name": "Hong Kong International Airport", "iata_code": "HKG" },
  { "country": "Taiwan", "city": "Taipei", "name": "Taiwan Taoyuan International Airport", "iata_code": "TPE" },
  { "country": "Taiwan", "city": "Kaohsiung", "name": "Kaohsiung International Airport", "iata_code": "KHH" },

  { "country": "South Korea", "city": "Seoul", "name": "Incheon International Airport", "iata_code": "ICN" },
  { "country": "South Korea", "city": "Seoul", "name": "Gimpo International Airport", "iata_code": "GMP" },
  { "country": "South Korea", "city": "Busan", "name": "Gimhae International Airport", "iata_code": "PUS" },
  { "country": "Japan", "city": "Tokyo", "name": "Haneda Airport", "iata_code": "HND" },
  { "country": "Japan", "city": "Tokyo", "name": "Narita International Airport", "iata_code": "NRT" },
  { "country": "Japan", "city": "Osaka", "name": "Kansai International Airport", "iata_code": "KIX" },
  { "country": "Japan", "city": "Osaka", "name": "Itami Airport", "iata_code": "ITM" },
  { "country": "Japan", "city": "Nagoya", "name": "Chubu Centrair International Airport", "iata_code": "NGO" },
  { "country": "Japan", "city": "Fukuoka", "name": "Fukuoka Airport", "iata_code": "FUK" },
  { "country": "Japan", "city": "Sapporo", "name": "New Chitose Airport", "iata_code": "CTS" },
  { "country": "Japan", "city": "Okinawa", "name": "Naha Airport", "iata_code": "OKA" },

  { "country": "Australia", "city": "Sydney", "name": "Sydney Kingsford Smith Airport", "iata_code": "SYD" },
  { "country": "Australia", "city": "Melbourne", "name": "Melbourne Airport", "iata_code": "MEL" },
  { "country": "Australia", "city": "Brisbane", "name": "Brisbane Airport", "iata_code": "BNE" },
  { "country": "Australia", "city": "Perth", "name": "Perth Airport", "iata_code": "PER" },
  { "country": "Australia", "city": "Adelaide", "name": "Adelaide Airport", "iata_code": "ADL" },
  { "country": "New Zealand", "city": "Auckland", "name": "Auckland Airport", "iata_code": "AKL" },
  { "country": "New Zealand", "city": "Wellington", "name": "Wellington International Airport", "iata_code": "WLG" },
  { "country": "New Zealand", "city": "Christchurch", "name": "Christchurch International Airport", "iata_code": "CHC" },
  { "country": "Fiji", "city": "Nadi", "name": "Nadi International Airport", "iata_code": "NAN" },
  { "country": "French Polynesia", "city": "Papeete", "name": "Faa'a International Airport", "iata_code": "PPT" },

  { "country": "United States", "city": "Atlanta", "name": "Hartsfield–Jackson Atlanta International Airport", "iata_code": "ATL" },
  { "country": "United States", "city": "Los Angeles", "name": "Los Angeles International Airport", "iata_code": "LAX" },
  { "country": "United States", "city": "Chicago", "name": "O'Hare International Airport", "iata_code": "ORD" },
  { "country": "United States", "city": "Dallas–Fort Worth", "name": "Dallas/Fort Worth International Airport", "iata_code": "DFW" },
  { "country": "United States", "city": "Denver", "name": "Denver International Airport", "iata_code": "DEN" },
  { "country": "United States", "city": "New York", "name": "John F. Kennedy International Airport", "iata_code": "JFK" },
  { "country": "United States", "city": "New York", "name": "LaGuardia Airport", "iata_code": "LGA" },
  { "country": "United States", "city": "Newark", "name": "Newark Liberty International Airport", "iata_code": "EWR" },
  { "country": "United States", "city": "San Francisco", "name": "San Francisco International Airport", "iata_code": "SFO" },
  { "country": "United States", "city": "Seattle", "name": "Seattle–Tacoma International Airport", "iata_code": "SEA" },
  { "country": "United States", "city": "Las Vegas", "name": "Harry Reid International Airport", "iata_code": "LAS" },
  { "country": "United States", "city": "Orlando", "name": "Orlando International Airport", "iata_code": "MCO" },
  { "country": "United States", "city": "Miami", "name": "Miami International Airport", "iata_code": "MIA" },
  { "country": "United States", "city": "Houston", "name": "George Bush Intercontinental Airport", "iata_code": "IAH" },
  { "country": "United States", "city": "Phoenix", "name": "Phoenix Sky Harbor International Airport", "iata_code": "PHX" },
  { "country": "United States", "city": "Charlotte", "name": "Charlotte Douglas International Airport", "iata_code": "CLT" },
  { "country": "United States", "city": "Boston", "name": "Logan International Airport", "iata_code": "BOS" },
  { "country": "United States", "city": "Detroit", "name": "Detroit Metropolitan Airport", "iata_code": "DTW" },
  { "country": "United States", "city": "Minneapolis", "name": "Minneapolis–Saint Paul International Airport", "iata_code": "MSP" },
  { "country": "United States", "city": "Fort Lauderdale", "name": "Fort Lauderdale–Hollywood International Airport", "iata_code": "FLL" },
  { "country": "United States", "city": "Baltimore", "name": "Baltimore/Washington International Thurgood Marshall Airport", "iata_code": "BWI" },
  { "country": "United States", "city": "Salt Lake City", "name": "Salt Lake City International Airport", "iata_code": "SLC" },
  { "country": "United States", "city": "San Diego", "name": "San Diego International Airport", "iata_code": "SAN" },
  { "country": "United States", "city": "Tampa", "name": "Tampa International Airport", "iata_code": "TPA" },
  { "country": "United States", "city": "Philadelphia", "name": "Philadelphia International Airport", "iata_code": "PHL" },
  { "country": "United States", "city": "Washington, D.C.", "name": "Dulles International Airport", "iata_code": "IAD" },
  { "country": "United States", "city": "Austin", "name": "Austin–Bergstrom International Airport", "iata_code": "AUS" },
  { "country": "United States", "city": "Nashville", "name": "Nashville International Airport", "iata_code": "BNA" },
  { "country": "United States", "city": "Honolulu (Hawai‘i)", "name": "Daniel K. Inouye International Airport", "iata_code": "HNL" },
  { "country": "United States", "city": "Kahului (Maui)", "name": "Kahului Airport", "iata_code": "OGG" },

  { "country": "Canada", "city": "Toronto", "name": "Toronto Pearson International Airport", "iata_code": "YYZ" },
  { "country": "Canada", "city": "Montreal", "name": "Montréal–Trudeau International Airport", "iata_code": "YUL" },
  { "country": "Canada", "city": "Vancouver", "name": "Vancouver International Airport", "iata_code": "YVR" },
  { "country": "Canada", "city": "Calgary", "name": "Calgary International Airport", "iata_code": "YYC" },
  { "country": "Canada", "city": "Edmonton", "name": "Edmonton International Airport", "iata_code": "YEG" },
  { "country": "Canada", "city": "Ottawa", "name": "Ottawa Macdonald–Cartier International Airport", "iata_code": "YOW" },
  { "country": "Canada", "city": "Halifax", "name": "Halifax Stanfield International Airport", "iata_code": "YHZ" },

  { "country": "Mexico", "city": "Mexico City", "name": "Felipe Ángeles International Airport", "iata_code": "NLU" },
  { "country": "Mexico", "city": "Cancún", "name": "Cancún International Airport", "iata_code": "CUN" },
  { "country": "Mexico", "city": "Guadalajara", "name": "Guadalajara International Airport", "iata_code": "GDL" },
  { "country": "Mexico", "city": "Monterrey", "name": "Monterrey International Airport", "iata_code": "MTY" },
  { "country": "Mexico", "city": "Puerto Vallarta", "name": "Lic. Gustavo Díaz Ordaz International Airport", "iata_code": "PVR" },
  { "country": "Mexico", "city": "Los Cabos", "name": "Los Cabos International Airport", "iata_code": "SJD" },

  { "country": "Panama", "city": "Panama City", "name": "Tocumen International Airport", "iata_code": "PTY" },
  { "country": "Costa Rica", "city": "San José", "name": "Juan Santamaría International Airport", "iata_code": "SJO" },
  { "country": "Costa Rica", "city": "Liberia", "name": "Daniel Oduber Quirós International Airport", "iata_code": "LIR" },
  { "country": "Guatemala", "city": "Guatemala City", "name": "La Aurora International Airport", "iata_code": "GUA" },
  { "country": "El Salvador", "city": "San Salvador", "name": "El Salvador International Airport", "iata_code": "SAL" },
  { "country": "Honduras", "city": "San Pedro Sula", "name": "Ramón Villeda Morales International Airport", "iata_code": "SAP" },
  { "country": "Nicaragua", "city": "Managua", "name": "Augusto C. Sandino International Airport", "iata_code": "MGA" },
  { "country": "Belize", "city": "Belize City", "name": "Philip S. W. Goldson International Airport", "iata_code": "BZE" },

  { "country": "Dominican Republic", "city": "Punta Cana", "name": "Punta Cana International Airport", "iata_code": "PUJ" },
  { "country": "Dominican Republic", "city": "Santo Domingo", "name": "Las Américas International Airport", "iata_code": "SDQ" },
  { "country": "Jamaica", "city": "Montego Bay", "name": "Sangster International Airport", "iata_code": "MBJ" },
  { "country": "Jamaica", "city": "Kingston", "name": "Norman Manley International Airport", "iata_code": "KIN" },
  { "country": "Bahamas", "city": "Nassau", "name": "Lynden Pindling International Airport", "iata_code": "NAS" },
  { "country": "Puerto Rico", "city": "San Juan", "name": "Luis Muñoz Marín International Airport", "iata_code": "SJU" },
  { "country": "Cuba", "city": "Havana", "name": "José Martí International Airport", "iata_code": "HAV" },
  { "country": "Aruba", "city": "Oranjestad", "name": "Queen Beatrix International Airport", "iata_code": "AUA" },
  { "country": "Barbados", "city": "Bridgetown", "name": "Grantley Adams International Airport", "iata_code": "BGI" },
  { "country": "Trinidad and Tobago", "city": "Port of Spain", "name": "Piarco International Airport", "iata_code": "POS" },
  { "country": "Antigua and Barbuda", "city": "Saint John's", "name": "V. C. Bird International Airport", "iata_code": "ANU" },
  { "country": "Saint Lucia", "city": "Vieux Fort", "name": "Hewanorra International Airport", "iata_code": "UVF" },

  { "country": "Brazil", "city": "São Paulo", "name": "São Paulo/Guarulhos–Governador André Franco Montoro International Airport", "iata_code": "GRU" },
  { "country": "Brazil", "city": "São Paulo", "name": "Congonhas–São Paulo Airport", "iata_code": "CGH" },
  { "country": "Brazil", "city": "Rio de Janeiro", "name": "Rio de Janeiro–Galeão International Airport", "iata_code": "GIG" },
  { "country": "Brazil", "city": "Brasília", "name": "Brasília International Airport", "iata_code": "BSB" },
  { "country": "Brazil", "city": "Belo Horizonte", "name": "Tancredo Neves International Airport", "iata_code": "CNF" },
  { "country": "Brazil", "city": "Porto Alegre", "name": "Salgado Filho International Airport", "iata_code": "POA" },
  { "country": "Brazil", "city": "Recife", "name": "Recife/Guararapes–Gilberto Freyre International Airport", "iata_code": "REC" },
  { "country": "Brazil", "city": "Salvador", "name": "Deputado Luís Eduardo Magalhães International Airport", "iata_code": "SSA" },

  { "country": "Argentina", "city": "Buenos Aires", "name": "Ministro Pistarini International Airport (Ezeiza)", "iata_code": "EZE" },
  { "country": "Argentina", "city": "Buenos Aires", "name": "Aeroparque Jorge Newbery", "iata_code": "AEP" },
  { "country": "Chile", "city": "Santiago", "name": "Comodoro Arturo Merino Benítez International Airport", "iata_code": "SCL" },
  { "country": "Peru", "city": "Lima", "name": "Jorge Chávez International Airport", "iata_code": "LIM" },
  { "country": "Colombia", "city": "Bogotá", "name": "El Dorado International Airport", "iata_code": "BOG" },
  { "country": "Colombia", "city": "Medellín", "name": "José María Córdova International Airport", "iata_code": "MDE" },
  { "country": "Colombia", "city": "Cartagena", "name": "Rafael Núñez International Airport", "iata_code": "CTG" },
  { "country": "Ecuador", "city": "Quito", "name": "Mariscal Sucre International Airport", "iata_code": "UIO" },
  { "country": "Ecuador", "city": "Guayaquil", "name": "José Joaquín de Olmedo International Airport", "iata_code": "GYE" },
  { "country": "Bolivia", "city": "Santa Cruz", "name": "Viru Viru International Airport", "iata_code": "VVI" },
  { "country": "Paraguay", "city": "Asunción", "name": "Silvio Pettirossi International Airport", "iata_code": "ASU" },
  { "country": "Uruguay", "city": "Montevideo", "name": "Carrasco International Airport", "iata_code": "MVD" },
  { "country": "Romania", "city": "Bucharest", "name": "Henri Coandă International Airport", "iata_code": "OTP" },
  { "country": "Bulgaria", "city": "Sofia", "name": "Sofia Airport", "iata_code": "SOF" },
  { "country": "Croatia", "city": "Zagreb", "name": "Franjo Tuđman Airport", "iata_code": "ZAG" },
  { "country": "Serbia", "city": "Belgrade", "name": "Belgrade Nikola Tesla Airport", "iata_code": "BEG" },
  { "country": "Bosnia and Herzegovina", "city": "Sarajevo", "name": "Sarajevo International Airport", "iata_code": "SJJ" },
  { "country": "Slovenia", "city": "Ljubljana", "name": "Ljubljana Jože Pučnik Airport", "iata_code": "LJU" },
  { "country": "Slovakia", "city": "Bratislava", "name": "Bratislava Airport", "iata_code": "BTS" },
  { "country": "Ukraine", "city": "Kyiv", "name": "Boryspil International Airport", "iata_code": "KBP" },
  { "country": "Belarus", "city": "Minsk", "name": "Minsk National Airport", "iata_code": "MSQ" },
  { "country": "Moldova", "city": "Chișinău", "name": "Chișinău International Airport", "iata_code": "KIV" },
  { "country": "Iceland", "city": "Reykjavík", "name": "Keflavík International Airport", "iata_code": "KEF" },

  { "country": "Georgia", "city": "Tbilisi", "name": "Tbilisi International Airport", "iata_code": "TBS" },
  { "country": "Armenia", "city": "Yerevan", "name": "Zvartnots International Airport", "iata_code": "EVN" },
  { "country": "Azerbaijan", "city": "Baku", "name": "Heydar Aliyev International Airport", "iata_code": "GYD" },

  { "country": "Kazakhstan", "city": "Almaty", "name": "Almaty International Airport", "iata_code": "ALA" },
  { "country": "Uzbekistan", "city": "Tashkent", "name": "Islam Karimov Tashkent International Airport", "iata_code": "TAS" },
  { "country": "Kyrgyzstan", "city": "Bishkek", "name": "Manas International Airport", "iata_code": "FRU" },
  { "country": "Tajikistan", "city": "Dushanbe", "name": "Dushanbe International Airport", "iata_code": "DYU" },
  { "country": "Turkmenistan", "city": "Ashgabat", "name": "Ashgabat International Airport", "iata_code": "ASB" },

  { "country": "Mongolia", "city": "Ulaanbaatar", "name": "Chinggis Khaan International Airport", "iata_code": "UBN" },
  { "country": "Myanmar", "city": "Yangon", "name": "Yangon International Airport", "iata_code": "RGN" },
  { "country": "Brunei", "city": "Bandar Seri Begawan", "name": "Brunei International Airport", "iata_code": "BWN" },

  { "country": "Papua New Guinea", "city": "Port Moresby", "name": "Jacksons International Airport", "iata_code": "POM" },
  { "country": "Samoa", "city": "Apia", "name": "Faleolo International Airport", "iata_code": "APW" },
  { "country": "Tonga", "city": "Nuku'alofa", "name": "Fuaʻamotu International Airport", "iata_code": "TBU" },
  { "country": "Vanuatu", "city": "Port Vila", "name": "Bauerfield International Airport", "iata_code": "VLI" },
  { "country": "New Caledonia", "city": "Nouméa", "name": "La Tontouta International Airport", "iata_code": "NOU" },
  { "country": "Guam", "city": "Tamuning", "name": "Antonio B. Won Pat International Airport", "iata_code": "GUM" },

  { "country": "Senegal", "city": "Dakar", "name": "Blaise Diagne International Airport", "iata_code": "DSS" },
  { "country": "Ivory Coast", "city": "Abidjan", "name": "Félix Houphouët-Boigny International Airport", "iata_code": "ABJ" },
  { "country": "Gambia", "city": "Banjul", "name": "Banjul International Airport", "iata_code": "BJL" },
  { "country": "Angola", "city": "Luanda", "name": "Quatro de Fevereiro Airport", "iata_code": "LAD" },
  { "country": "Namibia", "city": "Windhoek", "name": "Hosea Kutako International Airport", "iata_code": "WDH" },
  { "country": "Zambia", "city": "Lusaka", "name": "Kenneth Kaunda International Airport", "iata_code": "LUN" },
  { "country": "Zimbabwe", "city": "Harare", "name": "Robert Gabriel Mugabe International Airport", "iata_code": "HRE" },
  { "country": "Malawi", "city": "Lilongwe", "name": "Kamuzu International Airport", "iata_code": "LLW" },
  { "country": "Mozambique", "city": "Maputo", "name": "Maputo International Airport", "iata_code": "MPM" },
  { "country": "Democratic Republic of the Congo", "city": "Kinshasa", "name": "N'djili Airport", "iata_code": "FIH" },
  { "country": "Republic of the Congo", "city": "Brazzaville", "name": "Maya-Maya Airport", "iata_code": "BZV" },
  { "country": "Cameroon", "city": "Douala", "name": "Douala International Airport", "iata_code": "DLA" },
  { "country": "Gabon", "city": "Libreville", "name": "Léon-Mba International Airport", "iata_code": "LBV" },
  { "country": "Madagascar", "city": "Antananarivo", "name": "Ivato International Airport", "iata_code": "TNR" },
  { "country": "Mauritius", "city": "Port Louis", "name": "Sir Seewoosagur Ramgoolam International Airport", "iata_code": "MRU" },
  { "country": "Seychelles", "city": "Mahé", "name": "Seychelles International Airport", "iata_code": "SEZ" },

  { "country": "Venezuela", "city": "Caracas", "name": "Simón Bolívar International Airport", "iata_code": "CCS" },
  { "country": "Guyana", "city": "Georgetown", "name": "Cheddi Jagan International Airport", "iata_code": "GEO" },
  { "country": "Suriname", "city": "Paramaribo", "name": "Johan Adolf Pengel International Airport", "iata_code": "PBM" },

  { "country": "Curacao", "city": "Willemstad", "name": "Curaçao International Airport", "iata_code": "CUR" },
  { "country": "Grenada", "city": "Saint George's", "name": "Maurice Bishop International Airport", "iata_code": "GND" },
  { "country": "Saint Kitts and Nevis", "city": "Basseterre", "name": "Robert L. Bradshaw International Airport", "iata_code": "SKB" },
  { "country": "Saint Vincent and the Grenadines", "city": "Kingstown", "name": "Argyle International Airport", "iata_code": "SVD" },
  { "country": "Dominica", "city": "Marigot", "name": "Douglas–Charles Airport", "iata_code": "DOM" },
  { "country": "Bahamas", "city": "Freeport", "name": "Grand Bahama International Airport", "iata_code": "FPO" }
]
